{
  "properties": {
    "connectionReferences": {
      "shared_sharepointonline": {
        "runtimeSource": "embedded",
        "connection": {
          "connectionReferenceLogicalName": "ttlstg_sharedsharepointonline_e3bad"
        },
        "api": {
          "name": "shared_sharepointonline"
        }
      }
    },
    "definition": {
      "$schema": "https://schema.management.azure.com/providers/Microsoft.Logic/schemas/2016-06-01/workflowdefinition.json#",
      "contentVersion": "1.0.0.0",
      "parameters": {
        "$connections": {
          "defaultValue": {},
          "type": "Object"
        },
        "$authentication": {
          "defaultValue": {},
          "type": "SecureObject"
        }
      },
      "triggers": {
        "When_an_item_is_created_or_modified": {
          "recurrence": {
            "frequency": "Minute",
            "interval": 5
          },
          "splitOn": "@triggerOutputs()?['body/value']",
          "metadata": {
            "operationMetadataId": "0533c9d0-7553-485f-88fe-ce57728fa0f9"
          },
          "type": "OpenApiConnection",
          "inputs": {
            "host": {
              "apiId": "/providers/Microsoft.PowerApps/apis/shared_sharepointonline",
              "connectionName": "shared_sharepointonline",
              "operationId": "GetOnUpdatedItems"
            },
            "parameters": {
              "dataset": "https://aufaitcloud.sharepoint.com/sites/TTL_ERM",
              "table": "446bbafb-f231-48a3-802d-ccf92d9622b3"
            },
            "authentication": "@parameters('$authentication')"
          }
        }
      },
      "actions": {
        "Create_item": {
          "runAfter": {},
          "metadata": {
            "operationMetadataId": "b4ef8c80-a731-4318-b6a5-a7cd5e89331c"
          },
          "type": "OpenApiConnection",
          "inputs": {
            "host": {
              "apiId": "/providers/Microsoft.PowerApps/apis/shared_sharepointonline",
              "connectionName": "shared_sharepointonline",
              "operationId": "PostItem"
            },
            "parameters": {
              "dataset": "https://aufaitcloud.sharepoint.com/sites/TTL_ERM",
              "table": "c7ad60c2-6777-469f-9c1f-5143fa640a92",
              "item/ContingencyPlanId": "@triggerOutputs()?['body/ID']",
              "item/RiskID": "@triggerOutputs()?['body/RiskID']",
              "item/RiskNumber": "@triggerOutputs()?['body/RiskNumber']",
              "item/ProposedMitigationPlan": "@triggerOutputs()?['body/ProposedMitigationPlan']",
              "item/ProposedDateOfMitigation": "@triggerOutputs()?['body/ProposedDateOfMitigation']",
              "item/TargetDate": "@triggerOutputs()?['body/TargetDate']",
              "item/PlanCreatedBy/Claims": "@triggerOutputs()?['body/PlanCreatedBy/Email']",
              "item/PlanCreatedOn": "@triggerOutputs()?['body/PlanCreatedOn']",
              "item/CurrentStatusOfMitigationPlan": "@triggerOutputs()?['body/CurrentStatusOfMitigationPlan']",
              "item/RevisedDateOfMitigation": "@triggerOutputs()?['body/RevisedDateOfMitigation']",
              "item/UpdatedOn": "@triggerOutputs()?['body/UpdatedOn']",
              "item/PlanUpdatedBy/Claims": "@triggerOutputs()?['body/PlanUpdatedBy/Email']"
            },
            "authentication": "@parameters('$authentication')"
          }
        }
      }
    },
    "templateName": null
  },
  "schemaVersion": "1.0.0.0"
}