{
  "properties": {
    "connectionReferences": {
      "shared_sharepointonline_1": {
        "runtimeSource": "embedded",
        "connection": {
          "connectionReferenceLogicalName": "ttlstg_sharedsharepointonline_56e21"
        },
        "api": {
          "name": "shared_sharepointonline"
        }
      }
    },
    "definition": {
      "$schema": "https://schema.management.azure.com/providers/Microsoft.Logic/schemas/2016-06-01/workflowdefinition.json#",
      "contentVersion": "1.0.0.0",
      "parameters": {
        "$connections": {
          "defaultValue": {},
          "type": "Object"
        },
        "$authentication": {
          "defaultValue": {},
          "type": "SecureObject"
        }
      },
      "triggers": {
        "When_an_item_is_created_or_modified": {
          "recurrence": {
            "frequency": "Minute",
            "interval": 5
          },
          "splitOn": "@triggerOutputs()?['body/value']",
          "metadata": {
            "operationMetadataId": "96df441d-6b5f-40a2-a6b7-3a532f94aa2c"
          },
          "type": "OpenApiConnection",
          "inputs": {
            "host": {
              "apiId": "/providers/Microsoft.PowerApps/apis/shared_sharepointonline",
              "connectionName": "shared_sharepointonline_1",
              "operationId": "GetOnUpdatedItems"
            },
            "parameters": {
              "dataset": "https://aufaitcloud.sharepoint.com/sites/TTL_ERM",
              "table": "4991b7f8-a678-4408-b2e8-de6d0806784f"
            },
            "authentication": "@parameters('$authentication')"
          }
        }
      },
      "actions": {
        "Create_item": {
          "runAfter": {},
          "metadata": {
            "operationMetadataId": "d428b50f-d9cf-4e87-acba-d068ff5c4038"
          },
          "type": "OpenApiConnection",
          "inputs": {
            "host": {
              "apiId": "/providers/Microsoft.PowerApps/apis/shared_sharepointonline",
              "connectionName": "shared_sharepointonline_1",
              "operationId": "PostItem"
            },
            "parameters": {
              "dataset": "https://aufaitcloud.sharepoint.com/sites/TTL_ERM",
              "table": "2d722a19-3ec1-4cb4-8ac1-dbadb2279427",
              "item/MitigationPlanId": "@triggerOutputs()?['body/ID']",
              "item/RiskID": "@triggerOutputs()?['body/RiskID']",
              "item/RiskNumber": "@triggerOutputs()?['body/RiskNumber']",
              "item/ProposedMitigationPlan": "@triggerOutputs()?['body/ProposedMitigationPlan']",
              "item/ProposedDateOfMitigation": "@triggerOutputs()?['body/ProposedDateOfMitigation']",
              "item/TargetDate": "@triggerOutputs()?['body/TargetDate']",
              "item/PlanCreatedBy/Claims": "@triggerOutputs()?['body/PlanCreatedBy/Email']",
              "item/PlanCreatedOn": "@triggerOutputs()?['body/PlanCreatedOn']",
              "item/CurrentStatusOfMitigationPlan": "@triggerOutputs()?['body/CurrentStatusOfMitigationPlan']",
              "item/RevisedDateOfMitigation": "@triggerOutputs()?['body/RevisedDateOfMitigation']",
              "item/UpdatedOn": "@triggerOutputs()?['body/UpdatedOn']",
              "item/PlanUpdatedBy/Claims": "@triggerOutputs()?['body/PlanUpdatedBy/Email']"
            },
            "authentication": "@parameters('$authentication')"
          }
        }
      }
    },
    "templateName": null
  },
  "schemaVersion": "1.0.0.0"
}