{
  "properties": {
    "connectionReferences": {
      "shared_sharepointonline_1": {
        "runtimeSource": "embedded",
        "connection": {
          "connectionReferenceLogicalName": "ttlstg_sharedsharepointonline_abdbe"
        },
        "api": {
          "name": "shared_sharepointonline"
        }
      },
      "shared_office365": {
        "runtimeSource": "embedded",
        "connection": {
          "connectionReferenceLogicalName": "ttlstg_sharedoffice365_62129"
        },
        "api": {
          "name": "shared_office365"
        }
      },
      "shared_teams": {
        "runtimeSource": "embedded",
        "connection": {
          "connectionReferenceLogicalName": "ttlstg_sharedteams_0300e"
        },
        "api": {
          "name": "shared_teams"
        }
      },
      "shared_sharepointonline": {
        "runtimeSource": "embedded",
        "connection": {
          "connectionReferenceLogicalName": "ttlstg_sharedsharepointonline_afaca"
        },
        "api": {
          "name": "shared_sharepointonline"
        }
      },
      "shared_sharepointonline_2": {
        "runtimeSource": "embedded",
        "connection": {
          "connectionReferenceLogicalName": "ims_sharedsharepointonline_7339a"
        },
        "api": {
          "name": "shared_sharepointonline"
        }
      }
    },
    "definition": {
      "$schema": "https://schema.management.azure.com/providers/Microsoft.Logic/schemas/2016-06-01/workflowdefinition.json#",
      "contentVersion": "1.0.0.0",
      "parameters": {
        "$connections": {
          "defaultValue": {},
          "type": "Object"
        },
        "$authentication": {
          "defaultValue": {},
          "type": "SecureObject"
        }
      },
      "triggers": {
        "When_an_item_is_created_or_modified": {
          "recurrence": {
            "interval": 1,
            "frequency": "Minute"
          },
          "splitOn": "@triggerOutputs()?['body/value']",
          "metadata": {
            "operationMetadataId": "ca2c7286-88c7-473d-8342-a5c041e282e4"
          },
          "type": "OpenApiConnection",
          "inputs": {
            "host": {
              "connectionName": "shared_sharepointonline",
              "operationId": "GetOnUpdatedItems",
              "apiId": "/providers/Microsoft.PowerApps/apis/shared_sharepointonline"
            },
            "parameters": {
              "dataset": "https://aufaitcloud.sharepoint.com/sites/TTL_ERM",
              "table": "77a1c97b-0739-4cdf-8c1a-e947596e0504"
            },
            "authentication": "@parameters('$authentication')"
          },
          "conditions": [
            {
              "expression": "@or(equals(triggerOutputs()?['body/Status'], 'Escalation Submitted'),equals(triggerOutputs()?['body/Status'], 'Sent For Closure'),equals(triggerOutputs()?['body/Status'], 'Closed'),equals(triggerOutputs()?['body/Status'], 'Terminated'),equals(triggerOutputs()?['body/Status'], 'Transfer Ownership'),equals(triggerOutputs()?['body/Status'], 'Send Back Owner'),equals(triggerOutputs()?['body/Status'], 'Escalated'),equals(triggerOutputs()?['body/Status'], 'Sent for Mitigation'))"
            }
          ]
        }
      },
      "actions": {
        "ERM_HEAD": {
          "runAfter": {
            "Apply_to_each": [
              "Succeeded"
            ]
          },
          "metadata": {
            "operationMetadataId": "71bccb74-27f1-4d66-9287-4887cc36a523"
          },
          "type": "InitializeVariable",
          "inputs": {
            "variables": [
              {
                "name": "ERM HEAD",
                "type": "string"
              }
            ]
          }
        },
        "Condition_2": {
          "actions": {
            "Create_item_3": {
              "runAfter": {},
              "metadata": {
                "operationMetadataId": "d99c4e00-0afd-41d7-8781-f9f2091f2cb5"
              },
              "type": "OpenApiConnection",
              "inputs": {
                "host": {
                  "connectionName": "shared_sharepointonline_1",
                  "operationId": "PostItem",
                  "apiId": "/providers/Microsoft.PowerApps/apis/shared_sharepointonline"
                },
                "parameters": {
                  "dataset": "https://aufaitcloud.sharepoint.com/sites/TTL_ERM",
                  "table": "09eef4f5-359b-49d5-a08d-1b0560f935cb",
                  "item/RiskID": "@triggerOutputs()?['body/ID']",
                  "item/RiskNumber": "@triggerOutputs()?['body/RiskNumber']",
                  "item/StepName": "Update Current ",
                  "item/CreateOn": "@triggerOutputs()?['body/RiskCreationDate']",
                  "item/Assignee/Claims": "@triggerOutputs()?['body/RiskOwner/Email']",
                  "item/Status": "Escalation Submitted",
                  "item/Action": "Send for mitigation",
                  "item/TO/Claims": "@triggerOutputs()?['body/RiskOwner/Email']",
                  "item/CC": "@variables('Users')"
                },
                "authentication": "@parameters('$authentication')"
              }
            },
            "Send_an_email_(V2)_4": {
              "runAfter": {
                "Create_item_3": [
                  "Succeeded"
                ]
              },
              "metadata": {
                "operationMetadataId": "a4ec1538-a652-4d1a-87c1-65f319a6cd69"
              },
              "type": "OpenApiConnection",
              "inputs": {
                "host": {
                  "connectionName": "shared_office365",
                  "operationId": "SendEmailV2",
                  "apiId": "/providers/Microsoft.PowerApps/apis/shared_office365"
                },
                "parameters": {
                  "emailMessage/To": "@variables('Risk owner')",
                  "emailMessage/Subject": "Action Required – Update Mitigation Plan for Risk No: @{triggerOutputs()?['body/RiskNumber']}",
                  "emailMessage/Body": "<p><span style=\"font-size: 12px\">Dear </span><span style=\"font-size: 12px\">@{variables('RiskOwnerName')}</span><span style=\"font-size: 12px\">,<br>\n<br>\nA new risk has been </span><span style=\"font-size: 12px\"><strong>created and assigned to you</strong></span><span style=\"font-size: 12px\">, and a </span><span style=\"font-size: 12px\"><strong>mitigation plan update</strong></span><span style=\"font-size: 12px\"> is required.<br>\nPlease see the details below:<br>\n<br>\n</span><span style=\"font-size: 12px\"><strong>Risk Details:</strong></span><span style=\"font-size: 12px\"><br>\n<br>\n</span><span style=\"font-size: 12px\"><strong>Risk Number:</strong></span><span style=\"font-size: 12px\"> </span><span style=\"font-size: 12px\">@{triggerOutputs()?['body/RiskNumber']}</span><span style=\"font-size: 12px\"><br>\n</span><span style=\"font-size: 12px\"><strong>Project:</strong></span><span style=\"font-size: 12px\"> </span><span style=\"font-size: 12px\">@{triggerOutputs()?['body/ProjectName']}</span><span style=\"font-size: 12px\"><br>\n</span><span style=\"font-size: 12px\"><strong>Project Phase:</strong></span><span style=\"font-size: 12px\"> </span><span style=\"font-size: 12px\">@{triggerOutputs()?['body/RiskPhase']}</span><span style=\"font-size: 12px\"><br>\n</span><span style=\"font-size: 12px\"><strong>Risk Identifier:</strong></span><span style=\"font-size: 12px\"> </span><span style=\"font-size: 12px\">@{triggerOutputs()?['body/RiskIdentifier/DisplayName']}</span><span style=\"font-size: 12px\"> [</span><span style=\"font-size: 12px\">@{triggerOutputs()?['body/RiskIdentifier/Department']}</span><span style=\"font-size: 12px\">]<br>\n</span><span style=\"font-size: 12px\"><strong>Risk Activity Description:</strong></span><span style=\"font-size: 12px\"><br>\n</span><span style=\"font-size: 12px\">@{triggerOutputs()?['body/RiskActivityDescription']}</span><span style=\"font-size: 12px\"><br>\n</span><span style=\"font-size: 12px\"><strong>Inherent Risk Score:</strong></span><span style=\"font-size: 12px\"> </span><span style=\"font-size: 12px\">@{triggerOutputs()?['body/FinalInherentScore']}</span><span style=\"font-size: 12px\"><br>\n<br>\nPlease click the link below to access the ERM system and update the mitigation plan accordingly: </span><span style=\"font-size: 12px\">@{variables('ApprovalLinkMitigation')}</span><span style=\"font-size: 12px\"><br>\n<br>\nBest regards,<br>\n</span><span style=\"font-size: 12px\"><strong>Enterprise Risk Management (ERM) system<br>\n</strong></span><span style=\"font-size: 12px\"><br>\n</span><span style=\"font-size: 12px\"><strong>Note:</strong></span><span style=\"font-size: 12px\"> This is a system-generated notification. Refrain from Replaying. &nbsp;</span></p>",
                  "emailMessage/Importance": "Normal"
                },
                "authentication": "@parameters('$authentication')"
              }
            },
            "Post_card_in_a_chat_or_channel_3": {
              "runAfter": {
                "Send_an_email_(V2)_4": [
                  "Succeeded"
                ]
              },
              "metadata": {
                "operationMetadataId": "f1768e27-2541-47f5-961e-03454b330ee8"
              },
              "type": "OpenApiConnection",
              "inputs": {
                "host": {
                  "connectionName": "shared_teams",
                  "operationId": "PostCardToConversation",
                  "apiId": "/providers/Microsoft.PowerApps/apis/shared_teams"
                },
                "parameters": {
                  "poster": "Flow bot",
                  "location": "Chat with Flow bot",
                  "body/recipient": "@{variables('Risk owner')};",
                  "body/messageBody": "{\n  \"$schema\": \"http://adaptivecards.io/schemas/adaptive-card.json\",\n  \"type\": \"AdaptiveCard\",\n  \"version\": \"1.4\",\n  \"body\": [\n    {\n      \"type\": \"TextBlock\",\n      \"text\": \"Dear **@{variables('RiskOwnerName')}**,\",\n      \"wrap\": true\n    },\n    {\n      \"type\": \"TextBlock\",\n      \"text\": \"A new risk has been created and assigned to you, and a mitigation plan update is required. Please see the details below:\",\n      \"wrap\": true\n    },\n    {\n      \"type\": \"TextBlock\",\n      \"text\": \"**Risk Details:**\",\n      \"wrap\": true,\n      \"spacing\": \"Medium\"\n    },\n    {\n      \"type\": \"FactSet\",\n      \"facts\": [\n        {\n          \"title\": \"Risk Number:\",\n          \"value\": \"@{triggerOutputs()?['body/RiskNumber']}\"\n        },\n        {\n          \"title\": \"Project:\",\n          \"value\": \"@{triggerOutputs()?['body/ProjectName']}\"\n        },\n        {\n          \"title\": \"Project Phase:\",\n          \"value\": \"@{triggerOutputs()?['body/RiskPhase']}\"\n        },\n        {\n          \"title\": \"Risk Identifier:\",\n          \"value\": \"@{triggerOutputs()?['body/RiskIdentifier/DisplayName']} [@{triggerOutputs()?['body/RiskIdentifier/Department']}]\"\n        },\n        {\n          \"title\": \"Risk Owner:\",\n          \"value\": \"@{triggerOutputs()?['body/RiskOwner/DisplayName']} [@{triggerOutputs()?['body/RiskOwner/Department']}]\"\n        },\n        {\n          \"title\": \"Inherent Risk Score:\",\n          \"value\": \"@{triggerOutputs()?['body/FinalInherentScore']}\"\n        }\n      ]\n    },\n    {\n      \"type\": \"TextBlock\",\n      \"text\": \"**Risk Activity Description:**\",\n      \"wrap\": true,\n      \"spacing\": \"Medium\"\n    },\n    {\n      \"type\": \"TextBlock\",\n      \"text\": \"@{triggerOutputs()?['body/RiskDescription']}\",\n      \"wrap\": true\n    }\n  ],\n  \"actions\": [\n    {\n      \"type\": \"Action.OpenUrl\",\n      \"title\": \"Click here to view and address this risk\",\n      \"url\": \"https://aufaitcloud.sharepoint.com/sites/TTL_ERM#/risks/@{triggerOutputs()?['body/ID']}\"\n    }\n  ]\n}\n"
                },
                "authentication": "@parameters('$authentication')"
              }
            }
          },
          "runAfter": {
            "Condition": [
              "Succeeded"
            ]
          },
          "expression": {
            "equals": [
              "@triggerOutputs()?['body/Status']",
              "Escalation Submitted"
            ]
          },
          "metadata": {
            "operationMetadataId": "27daf80c-6cae-42c2-a4ce-00d2fb404dc6"
          },
          "type": "If"
        },
        "Risk_owner": {
          "runAfter": {
            "Apply_to_each_3": [
              "Succeeded"
            ]
          },
          "metadata": {
            "operationMetadataId": "2c3a295b-c819-488a-a8da-6e4f29848256"
          },
          "type": "InitializeVariable",
          "inputs": {
            "variables": [
              {
                "name": "Risk owner",
                "type": "string"
              }
            ]
          }
        },
        "Apply_to_each_2": {
          "foreach": "@outputs('Get_items_2')?['body/value']",
          "actions": {
            "Append_to_string_variable_2": {
              "runAfter": {},
              "metadata": {
                "operationMetadataId": "7596a125-dfc2-4d32-bb9f-c6a349421a95"
              },
              "type": "AppendToStringVariable",
              "inputs": {
                "name": "Risk owner",
                "value": "@{items('Apply_to_each_2')?['RiskOwner/Email']};"
              }
            },
            "Append_to_string_variable_4": {
              "runAfter": {
                "Append_to_string_variable_2": [
                  "Succeeded"
                ]
              },
              "metadata": {
                "operationMetadataId": "6c177c39-aa4d-4d2e-b9ec-12c15add3e42"
              },
              "type": "AppendToStringVariable",
              "inputs": {
                "name": "RiskOwnerName",
                "value": "@items('Apply_to_each_2')?['RiskOwner/DisplayName']"
              }
            }
          },
          "runAfter": {
            "RiskOwnerName": [
              "Succeeded"
            ]
          },
          "metadata": {
            "operationMetadataId": "d5c7b454-f1c5-4dd5-a70e-6ef387765398"
          },
          "type": "Foreach"
        },
        "Condition_3": {
          "actions": {
            "Send_an_email_(V2)_3": {
              "runAfter": {
                "Apply_to_each_6": [
                  "Succeeded"
                ]
              },
              "metadata": {
                "operationMetadataId": "09162a8a-7529-4d47-a1ec-f5d7859c71ce"
              },
              "type": "OpenApiConnection",
              "inputs": {
                "host": {
                  "connectionName": "shared_office365",
                  "operationId": "SendEmailV2",
                  "apiId": "/providers/Microsoft.PowerApps/apis/shared_office365"
                },
                "parameters": {
                  "emailMessage/To": "@variables('ERM HEAD')",
                  "emailMessage/Subject": "Risk Sent for Closure Approval – Risk No: @{triggerOutputs()?['body/RiskNumber']}",
                  "emailMessage/Body": "<p>Dear @{variables('ERM Head Name')},<br>\n<br>\nThe following risk has been marked as ready for closure and requires your review and approval:<br>\n<br>\n<strong>Risk Details:</strong><br>\n<br>\n<strong>Risk Number:</strong> @{triggerOutputs()?['body/RiskNumber']}<br>\n<strong>Project:</strong> @{triggerOutputs()?['body/ProjectName']}<br>\n<strong>Risk Identifier:</strong> @{triggerOutputs()?['body/RiskIdentifier/DisplayName']}<br>\n<strong>Risk Owner:</strong> @{triggerOutputs()?['body/RiskOwner/DisplayName']}<br>\n<strong>Risk Activity Description:</strong><br>\n@{triggerOutputs()?['body/RiskActivityDescription']}<br>\n<strong>Inherent Risk Score:</strong> @{triggerOutputs()?['body/FinalInherentScore']}<br>\n<strong>Residual Risk Score:</strong> @{triggerOutputs()?['body/FinalInherentScore']}<br>\n<br>\nPlease <strong>click the link below</strong> to access the ERM system and review this risk for closure: @{variables('ApprovalLinkClosure')}<br>\n<br>\nBest regards,<br>\n<strong>Enterprise Risk Management (ERM) system<br>\n</strong><br>\n<strong>Note:</strong> This is a system-generated notification. Refrain from Replaying.</p>",
                  "emailMessage/Importance": "Normal"
                },
                "authentication": "@parameters('$authentication')"
              }
            },
            "Post_card_in_a_chat_or_channel_4": {
              "runAfter": {
                "Send_an_email_(V2)_3": [
                  "Succeeded"
                ]
              },
              "metadata": {
                "operationMetadataId": "49561d07-923c-460b-a574-b8473c750b05"
              },
              "type": "OpenApiConnection",
              "inputs": {
                "host": {
                  "connectionName": "shared_teams",
                  "operationId": "PostCardToConversation",
                  "apiId": "/providers/Microsoft.PowerApps/apis/shared_teams"
                },
                "parameters": {
                  "poster": "Flow bot",
                  "location": "Chat with Flow bot",
                  "body/recipient": "@{variables('ERM HEAD')};",
                  "body/messageBody": "{\n  \"$schema\": \"http://adaptivecards.io/schemas/adaptive-card.json\",\n  \"type\": \"AdaptiveCard\",\n  \"version\": \"1.4\",\n  \"body\": [\n    {\n      \"type\": \"TextBlock\",\n      \"text\": \"Dear **@{variables('ERM Head Name')}**,\",\n      \"wrap\": true\n    },\n    {\n      \"type\": \"TextBlock\",\n      \"text\": \"The following risk has been marked as ready for closure and requires your review and approval:\",\n      \"wrap\": true\n    },\n    {\n      \"type\": \"TextBlock\",\n      \"text\": \"**Risk Details:**\",\n      \"wrap\": true,\n      \"spacing\": \"Medium\"\n    },\n    {\n      \"type\": \"FactSet\",\n      \"facts\": [\n        {\n          \"title\": \"Risk Number:\",\n          \"value\": \"@{triggerOutputs()?['body/RiskNumber']}\"\n        },\n        {\n          \"title\": \"Project:\",\n          \"value\": \"@{triggerOutputs()?['body/ProjectName']}\"\n        },\n        {\n          \"title\": \"Project Phase:\",\n          \"value\": \"@{triggerOutputs()?['body/RiskPhase']}\"\n        },\n        {\n          \"title\": \"Risk Identifier:\",\n          \"value\": \"@{triggerOutputs()?['body/RiskIdentifier/DisplayName']} [@{triggerOutputs()?['body/RiskIdentifier/Department']}]\"\n        },\n        {\n          \"title\": \"Risk Owner:\",\n          \"value\": \"@{triggerOutputs()?['body/RiskOwner/DisplayName']} [@{triggerOutputs()?['body/RiskOwner/Department']}]\"\n        },\n        {\n          \"title\": \"Inherent Risk Score:\",\n          \"value\": \"@{triggerOutputs()?['body/FinalInherentScore']}\"\n        }\n      ]\n    },\n    {\n      \"type\": \"TextBlock\",\n      \"text\": \"**Risk Activity Description:**\",\n      \"wrap\": true,\n      \"spacing\": \"Medium\"\n    },\n    {\n      \"type\": \"TextBlock\",\n      \"text\": \"@{triggerOutputs()?['body/RiskDescription']}\",\n      \"wrap\": true\n    }\n  ],\n  \"actions\": [\n    {\n      \"type\": \"Action.OpenUrl\",\n      \"title\": \"Click here to view and address this risk\",\n      \"url\": \"https://aufaitcloud.sharepoint.com/sites/TTL_ERM#/risks/@{triggerOutputs()?['body/ID']}\"\n    }\n  ]\n}\n"
                },
                "authentication": "@parameters('$authentication')"
              }
            },
            "Apply_to_each_6": {
              "foreach": "@outputs('Get_items_3')?['body/value']",
              "actions": {
                "Create_item_4": {
                  "runAfter": {},
                  "metadata": {
                    "operationMetadataId": "8663b667-b16b-49e6-85e3-93697c0cae70"
                  },
                  "type": "OpenApiConnection",
                  "inputs": {
                    "host": {
                      "connectionName": "shared_sharepointonline_1",
                      "operationId": "PostItem",
                      "apiId": "/providers/Microsoft.PowerApps/apis/shared_sharepointonline"
                    },
                    "parameters": {
                      "dataset": "https://aufaitcloud.sharepoint.com/sites/TTL_ERM",
                      "table": "09eef4f5-359b-49d5-a08d-1b0560f935cb",
                      "item/RiskID": "@triggerOutputs()?['body/ID']",
                      "item/RiskNumber": "@triggerOutputs()?['body/RiskNumber']",
                      "item/StepName": "Risk Closure",
                      "item/CreateOn": "@triggerOutputs()?['body/RiskCreationDate']",
                      "item/Assignee/Claims": "@items('Apply_to_each_6')?['ERMHead/Email']",
                      "item/Status": "Under Closure",
                      "item/Action": "Under Closure",
                      "item/TO/Claims": "@triggerOutputs()?['body/RiskOwner/Email']",
                      "item/CC": "@variables('Users')"
                    },
                    "authentication": "@parameters('$authentication')"
                  }
                }
              },
              "runAfter": {},
              "metadata": {
                "operationMetadataId": "9a4836f8-96d5-403c-8bd1-535d86691574"
              },
              "type": "Foreach"
            }
          },
          "runAfter": {
            "Condition_2": [
              "Succeeded"
            ]
          },
          "expression": {
            "equals": [
              "@triggerOutputs()?['body/Status']",
              "Sent For Closure"
            ]
          },
          "metadata": {
            "operationMetadataId": "f2f882f5-2914-41fe-94a2-6621f8d6db78"
          },
          "type": "If"
        },
        "Get_items": {
          "runAfter": {
            "ViewLinkClosed": [
              "Succeeded"
            ]
          },
          "metadata": {
            "operationMetadataId": "80f88043-1cae-4318-8326-f3b6c4acf9a7"
          },
          "type": "OpenApiConnection",
          "inputs": {
            "host": {
              "connectionName": "shared_sharepointonline",
              "operationId": "GetItems",
              "apiId": "/providers/Microsoft.PowerApps/apis/shared_sharepointonline"
            },
            "parameters": {
              "dataset": "https://aufaitcloud.sharepoint.com/sites/TTL_ERM",
              "table": "4991b7f8-a678-4408-b2e8-de6d0806784f"
            },
            "authentication": "@parameters('$authentication')"
          }
        },
        "Get_items_2": {
          "runAfter": {
            "Get_items_3": [
              "Succeeded"
            ]
          },
          "metadata": {
            "operationMetadataId": "ebcbdce6-b0cd-44de-a626-75d08a1e17ee"
          },
          "type": "OpenApiConnection",
          "inputs": {
            "host": {
              "connectionName": "shared_sharepointonline",
              "operationId": "GetItems",
              "apiId": "/providers/Microsoft.PowerApps/apis/shared_sharepointonline"
            },
            "parameters": {
              "dataset": "https://aufaitcloud.sharepoint.com/sites/TTL_ERM",
              "table": "77a1c97b-0739-4cdf-8c1a-e947596e0504",
              "$filter": "ID eq @{triggerOutputs()?['body/ID']}"
            },
            "authentication": "@parameters('$authentication')"
          }
        },
        "Get_items_3": {
          "runAfter": {
            "Get_items": [
              "Succeeded"
            ]
          },
          "metadata": {
            "operationMetadataId": "ef046385-6bf1-40b6-ab39-ccc1794db0ac"
          },
          "type": "OpenApiConnection",
          "inputs": {
            "host": {
              "connectionName": "shared_sharepointonline",
              "operationId": "GetItems",
              "apiId": "/providers/Microsoft.PowerApps/apis/shared_sharepointonline"
            },
            "parameters": {
              "dataset": "https://aufaitcloud.sharepoint.com/sites/TTL_ERM",
              "table": "4f84947f-6a95-4d08-b562-94ff13865818"
            },
            "authentication": "@parameters('$authentication')"
          }
        },
        "Apply_to_each_3": {
          "foreach": "@outputs('Get_items_3')?['body/value']",
          "actions": {
            "Append_to_string_variable": {
              "runAfter": {},
              "metadata": {
                "operationMetadataId": "7a128503-8ab9-433a-b040-9deaef39ad03"
              },
              "type": "AppendToStringVariable",
              "inputs": {
                "name": "ERM HEAD",
                "value": "@{items('Apply_to_each_3')?['ERMHead/Email']};"
              }
            },
            "Append_to_string_variable_3": {
              "runAfter": {
                "Append_to_string_variable": [
                  "Succeeded"
                ]
              },
              "metadata": {
                "operationMetadataId": "46b34188-8c11-4fc9-bea5-5100c95ec582"
              },
              "type": "AppendToStringVariable",
              "inputs": {
                "name": "ERM Head Name",
                "value": "@items('Apply_to_each_3')?['ERMHead/DisplayName']"
              }
            }
          },
          "runAfter": {
            "ERM_Head_Name": [
              "Succeeded"
            ]
          },
          "metadata": {
            "operationMetadataId": "e0682e98-d036-4ffd-9c26-34c46751f40b"
          },
          "type": "Foreach"
        },
        "Condition": {
          "actions": {
            "Condition_5": {
              "actions": {
                "Create_item_6": {
                  "runAfter": {},
                  "metadata": {
                    "operationMetadataId": "655234c8-54b5-43a3-8b76-3a35b634ca9a"
                  },
                  "type": "OpenApiConnection",
                  "inputs": {
                    "host": {
                      "connectionName": "shared_sharepointonline_1",
                      "operationId": "PostItem",
                      "apiId": "/providers/Microsoft.PowerApps/apis/shared_sharepointonline"
                    },
                    "parameters": {
                      "dataset": "https://aufaitcloud.sharepoint.com/sites/TTL_ERM",
                      "table": "09eef4f5-359b-49d5-a08d-1b0560f935cb",
                      "item/RiskID": "@triggerOutputs()?['body/ID']",
                      "item/RiskNumber": "@triggerOutputs()?['body/RiskNumber']",
                      "item/StepName": "Mitigation",
                      "item/CreateOn": "@formatDateTime(utcNow(), 'dd/MM/yyyy')",
                      "item/Assignee/Claims": "@triggerOutputs()?['body/RiskOwner/Email']",
                      "item/Status": "Sent for mitigation",
                      "item/Action": "Send for mitigation",
                      "item/TO/Claims": "@triggerOutputs()?['body/RiskOwner/Email']",
                      "item/CC": "@variables('Users')"
                    },
                    "authentication": "@parameters('$authentication')"
                  }
                },
                "Send_an_email_(V2)_2": {
                  "runAfter": {
                    "Create_item_6": [
                      "Succeeded"
                    ]
                  },
                  "metadata": {
                    "operationMetadataId": "a4ec1538-a652-4d1a-87c1-65f319a6cd69"
                  },
                  "type": "OpenApiConnection",
                  "inputs": {
                    "host": {
                      "connectionName": "shared_office365",
                      "operationId": "SendEmailV2",
                      "apiId": "/providers/Microsoft.PowerApps/apis/shared_office365"
                    },
                    "parameters": {
                      "emailMessage/To": "@variables('Risk owner')",
                      "emailMessage/Subject": "Action Required – Update Mitigation Plan for Risk No: @{triggerOutputs()?['body/RiskNumber']}",
                      "emailMessage/Body": "<p><span style=\"font-size: 12px\">Dear </span><span style=\"font-size: 12px\">@{variables('RiskOwnerName')}</span><span style=\"font-size: 12px\">,<br>\n<br>\nA new risk has been </span><span style=\"font-size: 12px\"><strong>created and assigned to you</strong></span><span style=\"font-size: 12px\">, and a </span><span style=\"font-size: 12px\"><strong>mitigation plan update</strong></span><span style=\"font-size: 12px\"> is required.<br>\nPlease see the details below:<br>\n<br>\n</span><span style=\"font-size: 12px\"><strong>Risk Details:</strong></span><span style=\"font-size: 12px\"><br>\n<br>\n</span><span style=\"font-size: 12px\"><strong>Risk Number:</strong></span><span style=\"font-size: 12px\"> </span><span style=\"font-size: 12px\">@{triggerOutputs()?['body/RiskNumber']}</span><span style=\"font-size: 12px\"><br>\n</span><span style=\"font-size: 12px\"><strong>Project:</strong></span><span style=\"font-size: 12px\"> </span><span style=\"font-size: 12px\">@{triggerOutputs()?['body/ProjectName']}</span><span style=\"font-size: 12px\"><br>\n</span><span style=\"font-size: 12px\"><strong>Project Phase:</strong></span><span style=\"font-size: 12px\"> </span><span style=\"font-size: 12px\">@{triggerOutputs()?['body/RiskPhase']}</span><span style=\"font-size: 12px\"><br>\n</span><span style=\"font-size: 12px\"><strong>Risk Identifier:</strong></span><span style=\"font-size: 12px\"> </span><span style=\"font-size: 12px\">@{triggerOutputs()?['body/RiskIdentifier/DisplayName']}</span><span style=\"font-size: 12px\"> [</span><span style=\"font-size: 12px\">@{triggerOutputs()?['body/RiskIdentifier/Department']}</span><span style=\"font-size: 12px\">]<br>\n</span><span style=\"font-size: 12px\"><strong>Risk Activity Description:</strong></span><span style=\"font-size: 12px\"><br>\n</span><span style=\"font-size: 12px\">@{triggerOutputs()?['body/RiskActivityDescription']}</span><span style=\"font-size: 12px\"><br>\n</span><span style=\"font-size: 12px\"><strong>Inherent Risk Score:</strong></span><span style=\"font-size: 12px\"> </span><span style=\"font-size: 12px\">@{triggerOutputs()?['body/FinalInherentScore']}</span><span style=\"font-size: 12px\"><br>\n<br>\nPlease click the link below to access the ERM system and update the mitigation plan accordingly: </span><span style=\"font-size: 12px\">@{variables('ApprovalLinkMitigation')}</span><span style=\"font-size: 12px\"><br>\n<br>\nBest regards,<br>\n</span><span style=\"font-size: 12px\"><strong>Enterprise Risk Management (ERM) system<br>\n</strong></span><span style=\"font-size: 12px\"><br>\n</span><span style=\"font-size: 12px\"><strong>Note:</strong></span><span style=\"font-size: 12px\"> This is a system-generated notification. Refrain from Replaying. &nbsp;</span></p>",
                      "emailMessage/Importance": "Normal"
                    },
                    "authentication": "@parameters('$authentication')"
                  }
                },
                "Post_card_in_a_chat_or_channel_2": {
                  "runAfter": {
                    "Send_an_email_(V2)_2": [
                      "Succeeded"
                    ]
                  },
                  "metadata": {
                    "operationMetadataId": "14921059-39f7-44f4-b41f-450b03e5a3fb"
                  },
                  "type": "OpenApiConnection",
                  "inputs": {
                    "host": {
                      "connectionName": "shared_teams",
                      "operationId": "PostCardToConversation",
                      "apiId": "/providers/Microsoft.PowerApps/apis/shared_teams"
                    },
                    "parameters": {
                      "poster": "Flow bot",
                      "location": "Chat with Flow bot",
                      "body/recipient": "@{variables('Risk owner')};",
                      "body/messageBody": "{\n  \"$schema\": \"http://adaptivecards.io/schemas/adaptive-card.json\",\n  \"type\": \"AdaptiveCard\",\n  \"version\": \"1.4\",\n  \"body\": [\n    {\n      \"type\": \"TextBlock\",\n      \"text\": \"Dear **@{variables('RiskOwnerName')}**,\",\n      \"wrap\": true\n    },\n    {\n      \"type\": \"TextBlock\",\n      \"text\": \"A new risk has been created and assigned to you, and a mitigation plan update is required. Please see the details below :\",\n      \"wrap\": true\n    },\n    {\n      \"type\": \"TextBlock\",\n      \"text\": \"**Risk Details:**\",\n      \"wrap\": true,\n      \"spacing\": \"Medium\"\n    },\n    {\n      \"type\": \"FactSet\",\n      \"facts\": [\n        {\n          \"title\": \"Risk Number:\",\n          \"value\": \"@{triggerOutputs()?['body/RiskNumber']}\"\n        },\n        {\n          \"title\": \"Project:\",\n          \"value\": \"@{triggerOutputs()?['body/ProjectName']}\"\n        },\n        {\n          \"title\": \"Project Phase:\",\n          \"value\": \"@{triggerOutputs()?['body/RiskPhase']}\"\n        },\n        {\n          \"title\": \"Risk Identifier:\",\n          \"value\": \"@{triggerOutputs()?['body/RiskIdentifier/DisplayName']} [@{triggerOutputs()?['body/RiskIdentifier/Department']}]\"\n        },\n        {\n          \"title\": \"Risk Owner:\",\n          \"value\": \"@{triggerOutputs()?['body/RiskOwner/DisplayName']} [@{triggerOutputs()?['body/RiskOwner/Department']}]\"\n        },\n        {\n          \"title\": \"Inherent Risk Score:\",\n          \"value\": \"@{triggerOutputs()?['body/FinalInherentScore']}\"\n        }\n      ]\n    },\n    {\n      \"type\": \"TextBlock\",\n      \"text\": \"**Risk Activity Description:**\",\n      \"wrap\": true,\n      \"spacing\": \"Medium\"\n    },\n    {\n      \"type\": \"TextBlock\",\n      \"text\": \"@{triggerOutputs()?['body/RiskDescription']}\",\n      \"wrap\": true\n    }\n  ],\n  \"actions\": [\n    {\n      \"type\": \"Action.OpenUrl\",\n      \"title\": \"Click here to view and address this risk\",\n      \"url\": \"https://aufaitcloud.sharepoint.com/sites/TTL_ERM#/risks/@{triggerOutputs()?['body/ID']}\"\n    }\n  ]\n}\n"
                    },
                    "authentication": "@parameters('$authentication')"
                  }
                },
                "Apply_to_each_9": {
                  "foreach": "@outputs('Get_items_6')?['body/value']",
                  "actions": {
                    "Update_item_4": {
                      "runAfter": {},
                      "metadata": {
                        "operationMetadataId": "a047c19e-bf2c-4630-a7ca-d8370b2762bc"
                      },
                      "type": "OpenApiConnection",
                      "inputs": {
                        "host": {
                          "connectionName": "shared_sharepointonline_2",
                          "operationId": "PatchItem",
                          "apiId": "/providers/Microsoft.PowerApps/apis/shared_sharepointonline"
                        },
                        "parameters": {
                          "dataset": "https://aufaitcloud.sharepoint.com/sites/TTL_ERM",
                          "table": "43158a23-bacd-494f-a538-958272a07a20",
                          "id": "@items('Apply_to_each_9')?['ID']",
                          "item/ResidualCreated": true
                        },
                        "authentication": "@parameters('$authentication')"
                      }
                    }
                  },
                  "runAfter": {
                    "Post_card_in_a_chat_or_channel_2": [
                      "Succeeded"
                    ]
                  },
                  "metadata": {
                    "operationMetadataId": "83b486c2-e54b-4ce8-acb6-c0a7785cc348"
                  },
                  "type": "Foreach"
                },
                "Apply_to_each_10": {
                  "foreach": "@outputs('Get_items_7')?['body/value']",
                  "actions": {
                    "Update_item_5": {
                      "runAfter": {},
                      "metadata": {
                        "operationMetadataId": "2af9a404-bfda-45d1-b040-ba9e7a904178"
                      },
                      "type": "OpenApiConnection",
                      "inputs": {
                        "host": {
                          "connectionName": "shared_sharepointonline_2",
                          "operationId": "PatchItem",
                          "apiId": "/providers/Microsoft.PowerApps/apis/shared_sharepointonline"
                        },
                        "parameters": {
                          "dataset": "https://aufaitcloud.sharepoint.com/sites/TTL_ERM",
                          "table": "efc2eebf-da46-446f-95d8-e530f44c97fa",
                          "id": "@items('Apply_to_each_10')?['ID']",
                          "item/InherentCreated": true
                        },
                        "authentication": "@parameters('$authentication')"
                      }
                    }
                  },
                  "runAfter": {
                    "Apply_to_each_9": [
                      "Succeeded"
                    ]
                  },
                  "metadata": {
                    "operationMetadataId": "1c6a9d9a-0e63-446a-8be2-0691727f821a"
                  },
                  "type": "Foreach"
                }
              },
              "runAfter": {},
              "expression": {
                "equals": [
                  "@triggerOutputs()?['body/Status']",
                  "Sent for Mitigation"
                ]
              },
              "metadata": {
                "operationMetadataId": "5abf106a-335d-4336-b27e-5393698e3ae6"
              },
              "type": "If"
            }
          },
          "runAfter": {
            "Apply_to_each_2": [
              "Succeeded"
            ]
          },
          "else": {
            "actions": {
              "Condition_4": {
                "actions": {
                  "Post_card_in_a_chat_or_channel": {
                    "runAfter": {
                      "Send_an_email_(V2)": [
                        "Succeeded"
                      ]
                    },
                    "metadata": {
                      "operationMetadataId": "75100b8b-ff89-4783-886e-234084040df4"
                    },
                    "type": "OpenApiConnection",
                    "inputs": {
                      "host": {
                        "connectionName": "shared_teams",
                        "operationId": "PostCardToConversation",
                        "apiId": "/providers/Microsoft.PowerApps/apis/shared_teams"
                      },
                      "parameters": {
                        "poster": "Flow bot",
                        "location": "Chat with Flow bot",
                        "body/recipient": "@variables('ERM HEAD')",
                        "body/messageBody": "{\n  \"$schema\": \"http://adaptivecards.io/schemas/adaptive-card.json\",\n  \"type\": \"AdaptiveCard\",\n  \"version\": \"1.4\",\n  \"body\": [\n    {\n      \"type\": \"TextBlock\",\n      \"text\": \"Dear **@{variables('ERM Head Name')}**,\",\n      \"wrap\": true\n    },\n    {\n      \"type\": \"TextBlock\",\n      \"text\": \"The following risk has been created and escalated to your action based on its classification:\",\n      \"wrap\": true\n    },\n    {\n      \"type\": \"TextBlock\",\n      \"text\": \"**Risk Details:**\",\n      \"wrap\": true,\n      \"spacing\": \"Medium\"\n    },\n    {\n      \"type\": \"FactSet\",\n      \"facts\": [\n        {\n          \"title\": \"Risk Number:\",\n          \"value\": \"@{triggerOutputs()?['body/RiskNumber']}\"\n        },\n        {\n          \"title\": \"Project:\",\n          \"value\": \"@{triggerOutputs()?['body/ProjectName']}\"\n        },\n        {\n          \"title\": \"Project Phase:\",\n          \"value\": \"@{triggerOutputs()?['body/RiskPhase']}\"\n        },\n        {\n          \"title\": \"Risk Identifier:\",\n          \"value\": \"@{triggerOutputs()?['body/RiskIdentifier/DisplayName']} [@{triggerOutputs()?['body/RiskIdentifier/Department']}]\"\n        },\n        {\n          \"title\": \"Risk Owner:\",\n          \"value\": \"@{triggerOutputs()?['body/RiskOwner/DisplayName']} [@{triggerOutputs()?['body/RiskOwner/Department']}]\"\n        },\n        {\n          \"title\": \"Inherent Risk Score:\",\n          \"value\": \"@{triggerOutputs()?['body/FinalInherentScore']}\"\n        }\n      ]\n    },\n    {\n      \"type\": \"TextBlock\",\n      \"text\": \"**Risk Activity Description:**\",\n      \"wrap\": true,\n      \"spacing\": \"Medium\"\n    },\n    {\n      \"type\": \"TextBlock\",\n      \"text\": \"@{triggerOutputs()?['body/RiskDescription']}\",\n      \"wrap\": true\n    }\n  ],\n  \"actions\": [\n    {\n      \"type\": \"Action.OpenUrl\",\n      \"title\": \"Click here to view and address this risk\",\n      \"url\": \"https://aufaitcloud.sharepoint.com/sites/TTL_ERM#/risks/@{triggerOutputs()?['body/ID']}\"\n    }\n  ]\n}\n"
                      },
                      "authentication": "@parameters('$authentication')"
                    }
                  },
                  "Send_an_email_(V2)": {
                    "runAfter": {
                      "Update_item_3": [
                        "Succeeded"
                      ]
                    },
                    "metadata": {
                      "operationMetadataId": "4086d2dc-fd77-428b-86b9-1659f3538fb7"
                    },
                    "type": "OpenApiConnection",
                    "inputs": {
                      "host": {
                        "connectionName": "shared_office365",
                        "operationId": "SendEmailV2",
                        "apiId": "/providers/Microsoft.PowerApps/apis/shared_office365"
                      },
                      "parameters": {
                        "emailMessage/To": "@variables('ERM HEAD')",
                        "emailMessage/Subject": "Action Required - Risk Escalated to ERM Head for Risk No:@{triggerOutputs()?['body/RiskNumber']}",
                        "emailMessage/Body": "<p><span style=\"font-size: 12px\">Dear </span><span style=\"font-size: 12px\">@{variables('ERM Head Name')}</span><span style=\"font-size: 12px\">,<br>\n<br>\nThe following risk has been created and </span><span style=\"font-size: 12px\"><strong>escalated to your action</strong></span><span style=\"font-size: 12px\"> based on its classification:<br>\n<br>\n</span><span style=\"font-size: 12px\"><strong>Risk Details:</strong></span><span style=\"font-size: 12px\"><br>\n<br>\n</span><span style=\"font-size: 12px\"><strong>Risk Number:</strong></span><span style=\"font-size: 12px\"> </span><span style=\"font-size: 12px\">@{triggerOutputs()?['body/RiskNumber']}</span><span style=\"font-size: 12px\"><br>\n</span><span style=\"font-size: 12px\"><strong>Project:</strong></span><span style=\"font-size: 12px\"> </span><span style=\"font-size: 12px\">@{triggerOutputs()?['body/ProjectName']}</span><span style=\"font-size: 12px\"><br>\n</span><span style=\"font-size: 12px\"><strong>Project Phase:</strong></span><span style=\"font-size: 12px\"> </span><span style=\"font-size: 12px\">@{triggerOutputs()?['body/RiskPhase']}</span><span style=\"font-size: 12px\"><br>\n</span><span style=\"font-size: 12px\"><strong>Risk Identifier:</strong></span><span style=\"font-size: 12px\"> </span><span style=\"font-size: 12px\">@{triggerOutputs()?['body/RiskIdentifier/DisplayName']}</span><span style=\"font-size: 12px\"> [</span><span style=\"font-size: 12px\">@{triggerOutputs()?['body/RiskIdentifier/Department']}</span><span style=\"font-size: 12px\">]<br>\n</span><span style=\"font-size: 12px\"><strong>Risk Owner:</strong></span><span style=\"font-size: 12px\"> </span><span style=\"font-size: 12px\">@{triggerOutputs()?['body/RiskOwner/DisplayName']}</span><span style=\"font-size: 12px\"> [</span><span style=\"font-size: 12px\">@{triggerOutputs()?['body/RiskOwner/Department']}</span><span style=\"font-size: 12px\">]<br>\n</span><span style=\"font-size: 12px\"><strong>Risk Activity Description:</strong></span><span style=\"font-size: 12px\"><br>\n</span><span style=\"font-size: 12px\">@{triggerOutputs()?['body/RiskDescription']}</span><span style=\"font-size: 12px\"><br>\n</span><span style=\"font-size: 12px\"><strong>Inherent Risk Score:</strong></span><span style=\"font-size: 12px\"> </span><span style=\"font-size: 12px\">@{triggerOutputs()?['body/FinalInherentScore']}</span><span style=\"font-size: 12px\"><br>\n<br>\nPlease click the link below to view and address this risk within the ERM system: </span><span style=\"font-size: 12px\">@{variables('ApprovalLinkEscalated')}</span><span style=\"font-size: 12px\"><br>\n<br>\nBest regards,<br>\n</span><span style=\"font-size: 12px\"><strong>Enterprise Risk Management (ERM) system</strong></span><span style=\"font-size: 12px\"><br>\n<br>\n</span><span style=\"font-size: 12px\"><strong>Note:</strong></span><span style=\"font-size: 12px\"> This is a system-generated notification. Refrain from Replaying. &nbsp;</span></p>",
                        "emailMessage/Importance": "Normal"
                      },
                      "authentication": "@parameters('$authentication')"
                    }
                  },
                  "Update_item_3": {
                    "runAfter": {
                      "Apply_to_each_5": [
                        "Succeeded"
                      ]
                    },
                    "metadata": {
                      "operationMetadataId": "42fcea42-0bdd-4fef-80fa-0a7d88405c32"
                    },
                    "type": "OpenApiConnection",
                    "inputs": {
                      "host": {
                        "connectionName": "shared_sharepointonline_2",
                        "operationId": "PatchItem",
                        "apiId": "/providers/Microsoft.PowerApps/apis/shared_sharepointonline"
                      },
                      "parameters": {
                        "dataset": "https://aufaitcloud.sharepoint.com/sites/TTL_ERM",
                        "table": "77a1c97b-0739-4cdf-8c1a-e947596e0504",
                        "id": "@triggerOutputs()?['body/ID']",
                        "item/Status": "Escalated To ERM Head"
                      },
                      "authentication": "@parameters('$authentication')"
                    }
                  },
                  "Apply_to_each_5": {
                    "foreach": "@outputs('Get_items_3')?['body/value']",
                    "actions": {
                      "Create_item_5": {
                        "runAfter": {},
                        "metadata": {
                          "operationMetadataId": "d880e824-8e71-4e80-9dc5-c500859c0a83"
                        },
                        "type": "OpenApiConnection",
                        "inputs": {
                          "host": {
                            "connectionName": "shared_sharepointonline_1",
                            "operationId": "PostItem",
                            "apiId": "/providers/Microsoft.PowerApps/apis/shared_sharepointonline"
                          },
                          "parameters": {
                            "dataset": "https://aufaitcloud.sharepoint.com/sites/TTL_ERM",
                            "table": "09eef4f5-359b-49d5-a08d-1b0560f935cb",
                            "item/RiskID": "@triggerOutputs()?['body/ID']",
                            "item/RiskNumber": "@triggerOutputs()?['body/RiskNumber']",
                            "item/StepName": "End",
                            "item/CreateOn": "@formatDateTime(utcNow(), 'dd/MM/yyyy')",
                            "item/Assignee/Claims": "@items('Apply_to_each_5')?['ERMHead/Email']",
                            "item/Status": "Sent For Escalation",
                            "item/Action": "Escalate",
                            "item/TO/Claims": "@triggerOutputs()?['body/RiskOwner/Email']",
                            "item/CC": "@variables('Users')"
                          },
                          "authentication": "@parameters('$authentication')"
                        }
                      }
                    },
                    "runAfter": {},
                    "metadata": {
                      "operationMetadataId": "1fb2e4fb-68a7-44f4-82b1-2a981646ea3d"
                    },
                    "type": "Foreach"
                  }
                },
                "runAfter": {},
                "expression": {
                  "equals": [
                    "@triggerOutputs()?['body/Status']",
                    "Escalated"
                  ]
                },
                "metadata": {
                  "operationMetadataId": "34064065-5bba-47d6-873d-28f711895e1f"
                },
                "type": "If"
              }
            }
          },
          "expression": {
            "and": [
              {
                "not": {
                  "equals": [
                    "@triggerOutputs()?['body/RiskControlAction']",
                    "Escalate"
                  ]
                }
              },
              {
                "not": {
                  "equals": [
                    "@triggerOutputs()?['body/Status']",
                    "Escalated"
                  ]
                }
              }
            ]
          },
          "metadata": {
            "operationMetadataId": "427b2075-dba9-4f7b-9d30-ea116362f43d"
          },
          "type": "If"
        },
        "Get_items_4": {
          "runAfter": {
            "Get_items_2": [
              "Succeeded"
            ]
          },
          "metadata": {
            "operationMetadataId": "4d1b1df7-2c0e-4144-bd9d-0fcab95fed86"
          },
          "type": "OpenApiConnection",
          "inputs": {
            "host": {
              "connectionName": "shared_sharepointonline_1",
              "operationId": "GetItems",
              "apiId": "/providers/Microsoft.PowerApps/apis/shared_sharepointonline"
            },
            "parameters": {
              "dataset": "https://aufaitcloud.sharepoint.com/sites/TTL_ERM",
              "table": "09eef4f5-359b-49d5-a08d-1b0560f935cb",
              "$filter": "RiskNumber eq '@{triggerOutputs()?['body/RiskNumber']}'"
            },
            "authentication": "@parameters('$authentication')"
          }
        },
        "Get_items_5": {
          "runAfter": {
            "Get_items_4": [
              "Succeeded"
            ]
          },
          "metadata": {
            "operationMetadataId": "044bf0b9-5cf6-4892-b53a-a972fad345dc"
          },
          "type": "OpenApiConnection",
          "inputs": {
            "host": {
              "connectionName": "shared_sharepointonline_1",
              "operationId": "GetItems",
              "apiId": "/providers/Microsoft.PowerApps/apis/shared_sharepointonline"
            },
            "parameters": {
              "dataset": "https://aufaitcloud.sharepoint.com/sites/TTL_ERM",
              "table": "f57e833f-df3d-4330-863d-662adf999b49",
              "$filter": "RiskId eq '@{triggerOutputs()?['body/ID']}'"
            },
            "authentication": "@parameters('$authentication')"
          }
        },
        "Users": {
          "runAfter": {
            "Get_items_7": [
              "Succeeded"
            ]
          },
          "metadata": {
            "operationMetadataId": "2d673067-1c55-40e0-ac13-ad802b41e3c7"
          },
          "type": "InitializeVariable",
          "inputs": {
            "variables": [
              {
                "name": "Users",
                "type": "array"
              }
            ]
          }
        },
        "Apply_to_each": {
          "foreach": "@outputs('Get_items_5')?['body/value']",
          "actions": {
            "Apply_to_each_4": {
              "foreach": "@items('Apply_to_each')?['Cc']",
              "actions": {
                "Append_to_array_variable": {
                  "runAfter": {},
                  "metadata": {
                    "operationMetadataId": "3822b4d9-cac4-4a3b-aead-c6dbcd5e9c1f"
                  },
                  "type": "AppendToArrayVariable",
                  "inputs": {
                    "name": "Users",
                    "value": {
                      "Claims": "i:0#.f|membership|@{items('Apply_to_each_4')?['Email']}"
                    }
                  }
                }
              },
              "runAfter": {},
              "metadata": {
                "operationMetadataId": "1e0b0243-4183-4746-b42c-be369f181b0c"
              },
              "type": "Foreach"
            }
          },
          "runAfter": {
            "Users": [
              "Succeeded"
            ]
          },
          "metadata": {
            "operationMetadataId": "04d549ce-63ed-49fc-82b4-85606f2a979d"
          },
          "type": "Foreach"
        },
        "ApprovalLinkEscalated": {
          "runAfter": {},
          "metadata": {
            "operationMetadataId": "a9f1b62b-0c4a-4684-baa7-4db99193fafe"
          },
          "type": "InitializeVariable",
          "inputs": {
            "variables": [
              {
                "name": "ApprovalLinkEscalated",
                "type": "string",
                "value": "<A HREF=\"https://aufaitcloud.sharepoint.com/sites/TTL_ERM#/risks/@{triggerOutputs()?['body/ID']}\">View Risk (@{triggerOutputs()?['body/RiskNumber']})</A>"
              }
            ]
          }
        },
        "Condition_6": {
          "actions": {
            "Send_an_email_(V2)_5": {
              "runAfter": {
                "Apply_to_each_7": [
                  "Succeeded"
                ]
              },
              "metadata": {
                "operationMetadataId": "09162a8a-7529-4d47-a1ec-f5d7859c71ce"
              },
              "type": "OpenApiConnection",
              "inputs": {
                "host": {
                  "connectionName": "shared_office365",
                  "operationId": "SendEmailV2",
                  "apiId": "/providers/Microsoft.PowerApps/apis/shared_office365"
                },
                "parameters": {
                  "emailMessage/To": "@variables('Risk owner')",
                  "emailMessage/Subject": "Risk Successfully Closed – Risk No: @{triggerOutputs()?['body/RiskNumber']}",
                  "emailMessage/Body": "<p>Dear @{variables('RiskOwnerName')},<br>\n<br>\nThe following risk sent for closure has been reviewed and successfully closed by the ERM Head:<br>\n<br>\n<strong>Closed Risk Details:</strong><br>\n<br>\n<strong>Risk Number:</strong> @{triggerOutputs()?['body/RiskNumber']}<br>\n<strong>Project:</strong> @{triggerOutputs()?['body/ProjectName']}<br>\n<strong>Risk Activity Description:</strong><br>\n@{triggerOutputs()?['body/RiskActivityDescription']}<br>\n<strong>Closure Approved By:</strong> @{variables('ERM Head Name')}<br>\n<strong>Date of Closure: </strong>&nbsp;@{formatDateTime(utcNow(), 'dd/MM/yyyy')}<br>\n<br>\nYou can review the details of this closed risk by clicking the link below: @{variables('ViewLinkClosed')}<br>\n<br>\nBest regards,<br>\n<strong>Enterprise Risk Management (ERM) system<br>\n</strong><br>\n<strong>Note:</strong> This is a system-generated notification. Refrain from Replaying.&nbsp;</p>",
                  "emailMessage/Cc": "@variables('Risk owner')",
                  "emailMessage/Importance": "Normal"
                },
                "authentication": "@parameters('$authentication')"
              }
            },
            "Post_card_in_a_chat_or_channel_5": {
              "runAfter": {
                "Send_an_email_(V2)_5": [
                  "Succeeded"
                ]
              },
              "metadata": {
                "operationMetadataId": "aac9a1f1-5a36-4670-bfda-806c8cfcf0de"
              },
              "type": "OpenApiConnection",
              "inputs": {
                "host": {
                  "connectionName": "shared_teams",
                  "operationId": "PostCardToConversation",
                  "apiId": "/providers/Microsoft.PowerApps/apis/shared_teams"
                },
                "parameters": {
                  "poster": "Flow bot",
                  "location": "Chat with Flow bot",
                  "body/recipient": "@{variables('Risk owner')};",
                  "body/messageBody": "{\n  \"$schema\": \"http://adaptivecards.io/schemas/adaptive-card.json\",\n  \"type\": \"AdaptiveCard\",\n  \"version\": \"1.4\",\n  \"body\": [\n    {\n      \"type\": \"TextBlock\",\n      \"text\": \"Dear **@{variables('RiskOwnerName')}**,\",\n      \"wrap\": true\n    },\n    {\n      \"type\": \"TextBlock\",\n      \"text\": \"The following risk sent for closure has been reviewed and successfully closed by the ERM Head:\",\n      \"wrap\": true\n    },\n    {\n      \"type\": \"TextBlock\",\n      \"text\": \"**Risk Details:**\",\n      \"wrap\": true,\n      \"spacing\": \"Medium\"\n    },\n    {\n      \"type\": \"FactSet\",\n      \"facts\": [\n        {\n          \"title\": \"Risk Number:\",\n          \"value\": \"@{triggerOutputs()?['body/RiskNumber']}\"\n        },\n        {\n          \"title\": \"Project:\",\n          \"value\": \"@{triggerOutputs()?['body/ProjectName']}\"\n        },\n        {\n          \"title\": \"Project Phase:\",\n          \"value\": \"@{triggerOutputs()?['body/RiskPhase']}\"\n        },\n        {\n          \"title\": \"Risk Identifier:\",\n          \"value\": \"@{triggerOutputs()?['body/RiskIdentifier/DisplayName']} [@{triggerOutputs()?['body/RiskIdentifier/Department']}]\"\n        },\n        {\n          \"title\": \"Risk Owner:\",\n          \"value\": \"@{triggerOutputs()?['body/RiskOwner/DisplayName']} [@{triggerOutputs()?['body/RiskOwner/Department']}]\"\n        },\n        {\n          \"title\": \"Inherent Risk Score:\",\n          \"value\": \"@{triggerOutputs()?['body/FinalInherentScore']}\"\n        }\n      ]\n    },\n    {\n      \"type\": \"TextBlock\",\n      \"text\": \"**Risk Activity Description:**\",\n      \"wrap\": true,\n      \"spacing\": \"Medium\"\n    },\n    {\n      \"type\": \"TextBlock\",\n      \"text\": \"@{triggerOutputs()?['body/RiskDescription']}\",\n      \"wrap\": true\n    }\n  ],\n  \"actions\": [\n    {\n      \"type\": \"Action.OpenUrl\",\n      \"title\": \"Click here to view and address this risk\",\n      \"url\": \"https://aufaitcloud.sharepoint.com/sites/TTL_ERM#/risks/@{triggerOutputs()?['body/ID']}\"\n    }\n  ]\n}\n"
                },
                "authentication": "@parameters('$authentication')"
              }
            },
            "Apply_to_each_7": {
              "foreach": "@outputs('Get_items_3')?['body/value']",
              "actions": {
                "Create_item": {
                  "runAfter": {},
                  "metadata": {
                    "operationMetadataId": "8663b667-b16b-49e6-85e3-93697c0cae70"
                  },
                  "type": "OpenApiConnection",
                  "inputs": {
                    "host": {
                      "connectionName": "shared_sharepointonline_1",
                      "operationId": "PostItem",
                      "apiId": "/providers/Microsoft.PowerApps/apis/shared_sharepointonline"
                    },
                    "parameters": {
                      "dataset": "https://aufaitcloud.sharepoint.com/sites/TTL_ERM",
                      "table": "09eef4f5-359b-49d5-a08d-1b0560f935cb",
                      "item/RiskID": "@triggerOutputs()?['body/ID']",
                      "item/RiskNumber": "@triggerOutputs()?['body/RiskNumber']",
                      "item/StepName": "End",
                      "item/CreateOn": "@triggerOutputs()?['body/RiskCreationDate']",
                      "item/Assignee/Claims": "@items('Apply_to_each_7')?['ERMHead/Email']",
                      "item/Status": "Risk Closed",
                      "item/Action": "@triggerOutputs()?['body/Status']",
                      "item/TO/Claims": "@triggerOutputs()?['body/RiskOwner/Email']",
                      "item/CC": "@variables('Users')"
                    },
                    "authentication": "@parameters('$authentication')"
                  }
                }
              },
              "runAfter": {},
              "metadata": {
                "operationMetadataId": "cbccef21-44da-4489-8e56-2d2368f473fa"
              },
              "type": "Foreach"
            }
          },
          "runAfter": {
            "Condition_7": [
              "Succeeded"
            ]
          },
          "expression": {
            "equals": [
              "@triggerOutputs()?['body/Status']",
              "Closed"
            ]
          },
          "metadata": {
            "operationMetadataId": "734685e2-26be-4c0f-8687-58b9a232afa1"
          },
          "type": "If"
        },
        "ERM_Head_Name": {
          "runAfter": {
            "ERM_HEAD": [
              "Succeeded"
            ]
          },
          "metadata": {
            "operationMetadataId": "54f984f2-d6ee-462f-a016-a824fdfaaa70"
          },
          "type": "InitializeVariable",
          "inputs": {
            "variables": [
              {
                "name": "ERM Head Name",
                "type": "string"
              }
            ]
          }
        },
        "RiskOwnerName": {
          "runAfter": {
            "Risk_owner": [
              "Succeeded"
            ]
          },
          "metadata": {
            "operationMetadataId": "aeacd8ea-a334-4cde-a3d8-ab74465bbc5b"
          },
          "type": "InitializeVariable",
          "inputs": {
            "variables": [
              {
                "name": "RiskOwnerName",
                "type": "string"
              }
            ]
          }
        },
        "ApprovalLinkMitigation": {
          "runAfter": {
            "ApprovalLinkEscalated": [
              "Succeeded"
            ]
          },
          "metadata": {
            "operationMetadataId": "bf653191-6e76-4b87-a20f-de1193b25c13"
          },
          "type": "InitializeVariable",
          "inputs": {
            "variables": [
              {
                "name": "ApprovalLinkMitigation",
                "type": "string",
                "value": "<A HREF=\"https://aufaitcloud.sharepoint.com/sites/TTL_ERM#/risks/@{triggerOutputs()?['body/ID']}\">Update mitigation plan for (@{triggerOutputs()?['body/RiskNumber']})</A>"
              }
            ]
          }
        },
        "ApprovalLinkClosure": {
          "runAfter": {
            "ApprovalLinkMitigation": [
              "Succeeded"
            ]
          },
          "metadata": {
            "operationMetadataId": "7fc250c2-2e79-4e64-ae00-d563da517e56"
          },
          "type": "InitializeVariable",
          "inputs": {
            "variables": [
              {
                "name": "ApprovalLinkClosure",
                "type": "string",
                "value": "<A HREF=\"https://aufaitcloud.sharepoint.com/sites/TTL_ERM#/risks/@{triggerOutputs()?['body/ID']}\">Review and Approve Risk Closure for (@{triggerOutputs()?['body/RiskNumber']})</A>"
              }
            ]
          }
        },
        "ViewLinkClosed": {
          "runAfter": {
            "ApprovalLinkClosure": [
              "Succeeded"
            ]
          },
          "metadata": {
            "operationMetadataId": "d52737e2-180a-4811-90e0-010792e22afc"
          },
          "type": "InitializeVariable",
          "inputs": {
            "variables": [
              {
                "name": "ViewLinkClosed",
                "type": "string",
                "value": "<A HREF=\"https://aufaitcloud.sharepoint.com/sites/TTL_ERM#/risks/@{triggerOutputs()?['body/ID']}\">View Closed Risk in ERM</A>"
              }
            ]
          }
        },
        "Condition_7": {
          "actions": {
            "Send_an_email_(V2)_6": {
              "runAfter": {
                "Apply_to_each_8": [
                  "Succeeded"
                ]
              },
              "metadata": {
                "operationMetadataId": "09162a8a-7529-4d47-a1ec-f5d7859c71ce"
              },
              "type": "OpenApiConnection",
              "inputs": {
                "host": {
                  "connectionName": "shared_office365",
                  "operationId": "SendEmailV2",
                  "apiId": "/providers/Microsoft.PowerApps/apis/shared_office365"
                },
                "parameters": {
                  "emailMessage/To": "@variables('Risk owner')",
                  "emailMessage/Subject": "Risk has been Terminated – Risk No: @{triggerOutputs()?['body/RiskNumber']}",
                  "emailMessage/Body": "<p>Dear @{variables('RiskOwnerName')},<br>\n<br>\nThe following risk is escalated and has been terminated by the ERM Head.<br>\n<br>\n<strong>Terminated Risk Details:</strong><br>\n<br>\n<strong>Risk Number:</strong> @{triggerOutputs()?['body/RiskNumber']}<br>\n<strong>Project:</strong> @{triggerOutputs()?['body/ProjectName']}<br>\n<strong>Terminated By:</strong> @{variables('ERM Head Name')}<br>\n<strong>Date of Termination:</strong>&nbsp;@{formatDateTime(utcNow(), 'dd/MM/yyyy')}<br>\n<br>\nYou can review the details of this terminated risk by clicking the link below: @{variables('ViewLinkClosed')}<br>\n<br>\nBest regards,<br>\n<strong>Enterprise Risk Management (ERM) system<br>\n</strong><br>\n<strong>Note:</strong> This is a system-generated notification. Refrain from Replaying.&nbsp;</p>",
                  "emailMessage/Cc": "@variables('Risk owner')",
                  "emailMessage/Importance": "Normal"
                },
                "authentication": "@parameters('$authentication')"
              }
            },
            "Post_card_in_a_chat_or_channel_6": {
              "runAfter": {
                "Send_an_email_(V2)_6": [
                  "Succeeded"
                ]
              },
              "metadata": {
                "operationMetadataId": "a9b64055-01e1-488e-8617-c601b5e031b5"
              },
              "type": "OpenApiConnection",
              "inputs": {
                "host": {
                  "connectionName": "shared_teams",
                  "operationId": "PostCardToConversation",
                  "apiId": "/providers/Microsoft.PowerApps/apis/shared_teams"
                },
                "parameters": {
                  "poster": "Flow bot",
                  "location": "Chat with Flow bot",
                  "body/recipient": "@{variables('Risk owner')};",
                  "body/messageBody": "{\n  \"$schema\": \"http://adaptivecards.io/schemas/adaptive-card.json\",\n  \"type\": \"AdaptiveCard\",\n  \"version\": \"1.4\",\n  \"body\": [\n    {\n      \"type\": \"TextBlock\",\n      \"text\": \"Dear **@{variables('RiskOwnerName')}**,\",\n      \"wrap\": true\n    },\n    {\n      \"type\": \"TextBlock\",\n      \"text\": \"The following risk is escalated and has been terminated by the ERM Head:\",\n      \"wrap\": true\n    },\n    {\n      \"type\": \"TextBlock\",\n      \"text\": \"**Risk Details:**\",\n      \"wrap\": true,\n      \"spacing\": \"Medium\"\n    },\n    {\n      \"type\": \"FactSet\",\n      \"facts\": [\n        {\n          \"title\": \"Risk Number:\",\n          \"value\": \"@{triggerOutputs()?['body/RiskNumber']}\"\n        },\n        {\n          \"title\": \"Project:\",\n          \"value\": \"@{triggerOutputs()?['body/ProjectName']}\"\n        },\n        {\n          \"title\": \"Terminated By\",\n          \"value\": \"@{variables('ERM Head Name')}\"\n        },\n        {\n          \"title\": \"Date of Termination:\",\n          \"value\": \"@{formatDateTime(utcNow(), 'dd/MM/yyyy')}\"\n        }\n      ]\n    }\n  ],\n  \"actions\": [\n    {\n      \"type\": \"Action.OpenUrl\",\n      \"title\": \"Click here to view and address this risk\",\n      \"url\": \"https://aufaitcloud.sharepoint.com/sites/TTL_ERM#/risks/@{triggerOutputs()?['body/ID']}\"\n    }\n  ]\n}"
                },
                "authentication": "@parameters('$authentication')"
              }
            },
            "Apply_to_each_8": {
              "foreach": "@outputs('Get_items_3')?['body/value']",
              "actions": {
                "Create_item_2": {
                  "runAfter": {},
                  "metadata": {
                    "operationMetadataId": "8663b667-b16b-49e6-85e3-93697c0cae70"
                  },
                  "type": "OpenApiConnection",
                  "inputs": {
                    "host": {
                      "connectionName": "shared_sharepointonline_1",
                      "operationId": "PostItem",
                      "apiId": "/providers/Microsoft.PowerApps/apis/shared_sharepointonline"
                    },
                    "parameters": {
                      "dataset": "https://aufaitcloud.sharepoint.com/sites/TTL_ERM",
                      "table": "09eef4f5-359b-49d5-a08d-1b0560f935cb",
                      "item/RiskID": "@triggerOutputs()?['body/ID']",
                      "item/RiskNumber": "@triggerOutputs()?['body/RiskNumber']",
                      "item/StepName": "End",
                      "item/CreateOn": "@triggerOutputs()?['body/RiskCreationDate']",
                      "item/Assignee/Claims": "@items('Apply_to_each_8')?['ERMHead/Email']",
                      "item/Status": "Risk Terminated",
                      "item/Action": "Terminated",
                      "item/TO/Claims": "@triggerOutputs()?['body/RiskOwner/Email']",
                      "item/CC": "@variables('Users')"
                    },
                    "authentication": "@parameters('$authentication')"
                  }
                }
              },
              "runAfter": {},
              "metadata": {
                "operationMetadataId": "ece0a872-66b4-4e48-9a43-cb524b5e6a12"
              },
              "type": "Foreach"
            }
          },
          "runAfter": {
            "Condition_9": [
              "Succeeded"
            ]
          },
          "expression": {
            "equals": [
              "@triggerOutputs()?['body/Status']",
              "Terminated"
            ]
          },
          "metadata": {
            "operationMetadataId": "1dbe7cca-598d-4411-818d-db72b6753564"
          },
          "type": "If"
        },
        "Condition_8": {
          "actions": {
            "Update_item": {
              "runAfter": {},
              "metadata": {
                "operationMetadataId": "ffe7f6ab-e384-469b-a69b-a9e8502e8095"
              },
              "type": "OpenApiConnection",
              "inputs": {
                "host": {
                  "connectionName": "shared_sharepointonline_2",
                  "operationId": "PatchItem",
                  "apiId": "/providers/Microsoft.PowerApps/apis/shared_sharepointonline"
                },
                "parameters": {
                  "dataset": "https://aufaitcloud.sharepoint.com/sites/TTL_ERM",
                  "table": "77a1c97b-0739-4cdf-8c1a-e947596e0504",
                  "id": "@triggerOutputs()?['body/ID']",
                  "item/Status": "Under Mitigation"
                },
                "authentication": "@parameters('$authentication')"
              }
            },
            "Send_an_email_(V2)_7": {
              "runAfter": {
                "Update_item": [
                  "Succeeded"
                ]
              },
              "metadata": {
                "operationMetadataId": "6e6824f1-6714-4dd9-8423-0b03a8cda26c"
              },
              "type": "OpenApiConnection",
              "inputs": {
                "host": {
                  "connectionName": "shared_office365",
                  "operationId": "SendEmailV2",
                  "apiId": "/providers/Microsoft.PowerApps/apis/shared_office365"
                },
                "parameters": {
                  "emailMessage/To": "@triggerOutputs()?['body/RiskOwner/Email']",
                  "emailMessage/Subject": "Update of ownership for Risk No: @{triggerOutputs()?['body/RiskNumber']}",
                  "emailMessage/Body": "<p>Dear @{triggerOutputs()?['body/RiskOwner/DisplayName']},<br>\n<br>\nThe record is assigned to you.<br>\n<br>\nBest regards,<br>\n<strong>Enterprise Risk Management (ERM) system</strong><br>\n<br>\n<strong>Note:</strong> This is a system-generated notification. Refrain from Replaying.&nbsp;</p>",
                  "emailMessage/Importance": "Normal"
                },
                "authentication": "@parameters('$authentication')"
              }
            }
          },
          "runAfter": {
            "Condition_3": [
              "Succeeded"
            ]
          },
          "expression": {
            "equals": [
              "@triggerOutputs()?['body/Status']",
              "Transfer Ownership"
            ]
          },
          "metadata": {
            "operationMetadataId": "78639b7c-2d23-4876-af01-923046214651"
          },
          "type": "If"
        },
        "Condition_9": {
          "actions": {
            "Update_item_2": {
              "runAfter": {},
              "metadata": {
                "operationMetadataId": "a080a186-69c3-4e06-b3d1-02b2a36eac4d"
              },
              "type": "OpenApiConnection",
              "inputs": {
                "host": {
                  "connectionName": "shared_sharepointonline_2",
                  "operationId": "PatchItem",
                  "apiId": "/providers/Microsoft.PowerApps/apis/shared_sharepointonline"
                },
                "parameters": {
                  "dataset": "https://aufaitcloud.sharepoint.com/sites/TTL_ERM",
                  "table": "77a1c97b-0739-4cdf-8c1a-e947596e0504",
                  "id": "@triggerOutputs()?['body/ID']",
                  "item/Status": "Under Mitigation"
                },
                "authentication": "@parameters('$authentication')"
              }
            },
            "Send_an_email_(V2)_8": {
              "runAfter": {
                "Create_item_7": [
                  "Succeeded"
                ]
              },
              "metadata": {
                "operationMetadataId": "ca7244fb-7480-470d-8c3b-7fe184b16d34"
              },
              "type": "OpenApiConnection",
              "inputs": {
                "host": {
                  "connectionName": "shared_office365",
                  "operationId": "SendEmailV2",
                  "apiId": "/providers/Microsoft.PowerApps/apis/shared_office365"
                },
                "parameters": {
                  "emailMessage/To": "@variables('Risk owner')",
                  "emailMessage/Subject": "Action Required – Update Mitigation Plan for Risk No: @{triggerOutputs()?['body/RiskNumber']}",
                  "emailMessage/Body": "<p>Dear @{variables('RiskOwnerName')},<br>\n<br>\nThe risk has been <strong>send back</strong> and assigned to you.<br>\nPlease see the details below:<br>\n<br>\n<strong>Risk Details:</strong><br>\n<br>\n<strong>Risk Number:</strong> @{triggerOutputs()?['body/RiskNumber']}<br>\n<strong>Project:</strong> @{triggerOutputs()?['body/ProjectName']}<br>\n<strong>Project Phase:</strong> @{triggerOutputs()?['body/RiskPhase']}<br>\n<strong>Risk Identifier:</strong> @{triggerOutputs()?['body/RiskIdentifier/DisplayName']} [@{triggerOutputs()?['body/RiskIdentifier/Department']}]<br>\n<strong>Risk Activity Description:</strong><br>\n@{triggerOutputs()?['body/RiskActivityDescription']}<br>\n<strong>Inherent Risk Score:</strong> @{triggerOutputs()?['body/FinalInherentScore']}<br>\n<br>\nPlease click the link below to access the ERM system and update the mitigation plan accordingly: @{variables('ApprovalLinkMitigation')}<br>\n<br>\nBest regards,<br>\n<strong>Enterprise Risk Management (ERM) system</strong><br>\n<br>\n<strong>Note:</strong> This is a system-generated notification. Refrain from Replaying. &nbsp;</p>",
                  "emailMessage/Importance": "Normal"
                },
                "authentication": "@parameters('$authentication')"
              }
            },
            "Post_card_in_a_chat_or_channel_7": {
              "runAfter": {
                "Send_an_email_(V2)_8": [
                  "Succeeded"
                ]
              },
              "metadata": {
                "operationMetadataId": "f1768e27-2541-47f5-961e-03454b330ee8"
              },
              "type": "OpenApiConnection",
              "inputs": {
                "host": {
                  "connectionName": "shared_teams",
                  "operationId": "PostCardToConversation",
                  "apiId": "/providers/Microsoft.PowerApps/apis/shared_teams"
                },
                "parameters": {
                  "poster": "Flow bot",
                  "location": "Chat with Flow bot",
                  "body/recipient": "@{variables('Risk owner')};",
                  "body/messageBody": "{\n  \"$schema\": \"http://adaptivecards.io/schemas/adaptive-card.json\",\n  \"type\": \"AdaptiveCard\",\n  \"version\": \"1.4\",\n  \"body\": [\n    {\n      \"type\": \"TextBlock\",\n      \"text\": \"Dear **@{variables('RiskOwnerName')}**,\",\n      \"wrap\": true\n    },\n    {\n      \"type\": \"TextBlock\",\n      \"text\": \"The risk has been send back and assigned to you. Please see the details below:\",\n      \"wrap\": true\n    },\n    {\n      \"type\": \"TextBlock\",\n      \"text\": \"**Risk Details:**\",\n      \"wrap\": true,\n      \"spacing\": \"Medium\"\n    },\n    {\n      \"type\": \"FactSet\",\n      \"facts\": [\n        {\n          \"title\": \"Risk Number:\",\n          \"value\": \"@{triggerOutputs()?['body/RiskNumber']}\"\n        },\n        {\n          \"title\": \"Project:\",\n          \"value\": \"@{triggerOutputs()?['body/ProjectName']}\"\n        },\n        {\n          \"title\": \"Project Phase:\",\n          \"value\": \"@{triggerOutputs()?['body/RiskPhase']}\"\n        },\n        {\n          \"title\": \"Risk Identifier:\",\n          \"value\": \"@{triggerOutputs()?['body/RiskIdentifier/DisplayName']} [@{triggerOutputs()?['body/RiskIdentifier/Department']}]\"\n        },\n        {\n          \"title\": \"Risk Owner:\",\n          \"value\": \"@{triggerOutputs()?['body/RiskOwner/DisplayName']} [@{triggerOutputs()?['body/RiskOwner/Department']}]\"\n        },\n        {\n          \"title\": \"Inherent Risk Score:\",\n          \"value\": \"@{triggerOutputs()?['body/FinalInherentScore']}\"\n        }\n      ]\n    },\n    {\n      \"type\": \"TextBlock\",\n      \"text\": \"**Risk Activity Description:**\",\n      \"wrap\": true,\n      \"spacing\": \"Medium\"\n    },\n    {\n      \"type\": \"TextBlock\",\n      \"text\": \"@{triggerOutputs()?['body/RiskDescription']}\",\n      \"wrap\": true\n    }\n  ],\n  \"actions\": [\n    {\n      \"type\": \"Action.OpenUrl\",\n      \"title\": \"Click here to view and address this risk\",\n      \"url\": \"https://aufaitcloud.sharepoint.com/sites/TTL_ERM#/risks/@{triggerOutputs()?['body/ID']}\"\n    }\n  ]\n}\n"
                },
                "authentication": "@parameters('$authentication')"
              }
            },
            "Create_item_7": {
              "runAfter": {
                "Update_item_2": [
                  "Succeeded"
                ]
              },
              "metadata": {
                "operationMetadataId": "94f591ca-7485-40d3-8228-8661906b14c6"
              },
              "type": "OpenApiConnection",
              "inputs": {
                "host": {
                  "connectionName": "shared_sharepointonline_2",
                  "operationId": "PostItem",
                  "apiId": "/providers/Microsoft.PowerApps/apis/shared_sharepointonline"
                },
                "parameters": {
                  "dataset": "https://aufaitcloud.sharepoint.com/sites/TTL_ERM",
                  "table": "09eef4f5-359b-49d5-a08d-1b0560f935cb",
                  "item/RiskID": "@triggerOutputs()?['body/ID']",
                  "item/RiskNumber": "@triggerOutputs()?['body/RiskNumber']",
                  "item/StepName": "Send Back To Owner",
                  "item/CreateOn": "@triggerOutputs()?['body/RiskCreationDate']",
                  "item/Assignee/Claims": "@triggerOutputs()?['body/RiskOwner/Email']",
                  "item/Status": "Under Mitigation",
                  "item/Action": "Under Mitigation",
                  "item/TO/Claims": "@triggerOutputs()?['body/RiskOwner/Email']",
                  "item/CC": "@variables('Users')"
                },
                "authentication": "@parameters('$authentication')"
              }
            }
          },
          "runAfter": {
            "Condition_8": [
              "Succeeded"
            ]
          },
          "expression": {
            "equals": [
              "@triggerOutputs()?['body/Status']",
              "Send Back Owner"
            ]
          },
          "metadata": {
            "operationMetadataId": "1cc4b6c4-7406-4265-9d2d-9b6d8fd6c46f"
          },
          "type": "If"
        },
        "Get_items_6": {
          "runAfter": {
            "Get_items_5": [
              "Succeeded"
            ]
          },
          "metadata": {
            "operationMetadataId": "f219936c-4ecd-44b6-9eed-28615f213b3b"
          },
          "type": "OpenApiConnection",
          "inputs": {
            "host": {
              "connectionName": "shared_sharepointonline_2",
              "operationId": "GetItems",
              "apiId": "/providers/Microsoft.PowerApps/apis/shared_sharepointonline"
            },
            "parameters": {
              "dataset": "https://aufaitcloud.sharepoint.com/sites/TTL_ERM",
              "table": "43158a23-bacd-494f-a538-958272a07a20",
              "$filter": "RiskID eq '@{triggerOutputs()?['body/ID']}'"
            },
            "authentication": "@parameters('$authentication')"
          }
        },
        "Get_items_7": {
          "runAfter": {
            "Get_items_6": [
              "Succeeded"
            ]
          },
          "metadata": {
            "operationMetadataId": "f219936c-4ecd-44b6-9eed-28615f213b3b"
          },
          "type": "OpenApiConnection",
          "inputs": {
            "host": {
              "connectionName": "shared_sharepointonline_2",
              "operationId": "GetItems",
              "apiId": "/providers/Microsoft.PowerApps/apis/shared_sharepointonline"
            },
            "parameters": {
              "dataset": "https://aufaitcloud.sharepoint.com/sites/TTL_ERM",
              "table": "efc2eebf-da46-446f-95d8-e530f44c97fa",
              "$filter": "RiskID eq '@{triggerOutputs()?['body/ID']}'"
            },
            "authentication": "@parameters('$authentication')"
          }
        }
      }
    },
    "templateName": ""
  },
  "schemaVersion": "1.0.0.0"
}