{
  "properties": {
    "connectionReferences": {
      "shared_sharepointonline_1": {
        "runtimeSource": "embedded",
        "connection": {
          "connectionReferenceLogicalName": "ttlstg_sharedsharepointonline_abdbe"
        },
        "api": {
          "name": "shared_sharepointonline"
        }
      },
      "shared_sharepointonline": {
        "runtimeSource": "embedded",
        "connection": {
          "connectionReferenceLogicalName": "ttlstg_sharedsharepointonline_e3bad"
        },
        "api": {
          "name": "shared_sharepointonline"
        }
      }
    },
    "definition": {
      "$schema": "https://schema.management.azure.com/providers/Microsoft.Logic/schemas/2016-06-01/workflowdefinition.json#",
      "contentVersion": "1.0.0.0",
      "parameters": {
        "$connections": {
          "defaultValue": {},
          "type": "Object"
        },
        "$authentication": {
          "defaultValue": {},
          "type": "SecureObject"
        }
      },
      "triggers": {
        "When_an_item_is_created_or_modified": {
          "recurrence": {
            "interval": 1,
            "frequency": "Minute"
          },
          "splitOn": "@triggerOutputs()?['body/value']",
          "metadata": {
            "operationMetadataId": "25cc5f99-167a-4bd7-b171-2bc25f3a1fe4"
          },
          "type": "OpenApiConnection",
          "inputs": {
            "host": {
              "connectionName": "shared_sharepointonline",
              "operationId": "GetOnUpdatedItems",
              "apiId": "/providers/Microsoft.PowerApps/apis/shared_sharepointonline"
            },
            "parameters": {
              "dataset": "https://aufaitcloud.sharepoint.com/sites/TTL_ERM",
              "table": "43158a23-bacd-494f-a538-958272a07a20"
            },
            "authentication": "@parameters('$authentication')"
          },
          "conditions": [
            {
              "expression": "@equals(triggerOutputs()?['body/ResidualCreated'], true)"
            }
          ]
        }
      },
      "actions": {
        "Get_items": {
          "runAfter": {},
          "metadata": {
            "operationMetadataId": "9d7bc179-61dc-4c11-99d9-711330b8d35b"
          },
          "type": "OpenApiConnection",
          "inputs": {
            "host": {
              "connectionName": "shared_sharepointonline_1",
              "operationId": "GetItems",
              "apiId": "/providers/Microsoft.PowerApps/apis/shared_sharepointonline"
            },
            "parameters": {
              "dataset": "https://aufaitcloud.sharepoint.com/sites/TTL_ERM",
              "table": "77a1c97b-0739-4cdf-8c1a-e947596e0504",
              "$filter": "ID eq '@{triggerOutputs()?['body/RiskID']}'"
            },
            "authentication": "@parameters('$authentication')"
          }
        },
        "Apply_to_each": {
          "foreach": "@outputs('Get_items')?['body/value']",
          "actions": {
            "Update_item": {
              "runAfter": {},
              "metadata": {
                "operationMetadataId": "9c0722ee-0505-440d-9c82-998af231037a"
              },
              "type": "OpenApiConnection",
              "inputs": {
                "host": {
                  "connectionName": "shared_sharepointonline",
                  "operationId": "PatchItem",
                  "apiId": "/providers/Microsoft.PowerApps/apis/shared_sharepointonline"
                },
                "parameters": {
                  "dataset": "https://aufaitcloud.sharepoint.com/sites/TTL_ERM",
                  "table": "77a1c97b-0739-4cdf-8c1a-e947596e0504",
                  "id": "@items('Apply_to_each')?['ID']",
                  "item/ResidualImpact": "@triggerOutputs()?['body/ResidualImpact']",
                  "item/ResidualLikelihood": "@triggerOutputs()?['body/ResidualLikelihood']",
                  "item/FinalResidualScore": "@triggerOutputs()?['body/FinalResidualScore']",
                  "item/ResidualRiskRatingQualitative": "@triggerOutputs()?['body/ResidualRiskRatingQualitative']",
                  "item/Status": "Under Mitigation"
                },
                "authentication": "@parameters('$authentication')"
              }
            }
          },
          "runAfter": {
            "Get_items": [
              "Succeeded"
            ]
          },
          "metadata": {
            "operationMetadataId": "3deee7cf-1fea-4e80-823a-4f14f1357674"
          },
          "type": "Foreach"
        }
      }
    },
    "templateName": ""
  },
  "schemaVersion": "1.0.0.0"
}