{
  "properties": {
    "connectionReferences": {
      "shared_sharepointonline_1": {
        "runtimeSource": "embedded",
        "connection": {
          "connectionReferenceLogicalName": "ttlstg_sharedsharepointonline_abdbe"
        },
        "api": {
          "name": "shared_sharepointonline"
        }
      },
      "shared_sharepointonline": {
        "runtimeSource": "embedded",
        "connection": {
          "connectionReferenceLogicalName": "ttlstg_sharedsharepointonline_e3bad"
        },
        "api": {
          "name": "shared_sharepointonline"
        }
      }
    },
    "definition": {
      "$schema": "https://schema.management.azure.com/providers/Microsoft.Logic/schemas/2016-06-01/workflowdefinition.json#",
      "contentVersion": "1.0.0.0",
      "parameters": {
        "$connections": {
          "defaultValue": {},
          "type": "Object"
        },
        "$authentication": {
          "defaultValue": {},
          "type": "SecureObject"
        }
      },
      "triggers": {
        "When_an_item_is_created_or_modified": {
          "recurrence": {
            "interval": 1,
            "frequency": "Minute"
          },
          "splitOn": "@triggerOutputs()?['body/value']",
          "metadata": {
            "operationMetadataId": "9d92ec7e-2903-4687-ab4d-d19a7e9865b6"
          },
          "type": "OpenApiConnection",
          "inputs": {
            "host": {
              "connectionName": "shared_sharepointonline",
              "operationId": "GetOnUpdatedItems",
              "apiId": "/providers/Microsoft.PowerApps/apis/shared_sharepointonline"
            },
            "parameters": {
              "dataset": "https://aufaitcloud.sharepoint.com/sites/TTL_ERM",
              "table": "efc2eebf-da46-446f-95d8-e530f44c97fa"
            },
            "authentication": "@parameters('$authentication')"
          },
          "conditions": [
            {
              "expression": "@equals(triggerOutputs()?['body/InherentCreated'], true)"
            }
          ]
        }
      },
      "actions": {
        "Get_items": {
          "runAfter": {},
          "metadata": {
            "operationMetadataId": "41fd77a5-3a13-4f8e-97e8-2b5733dbb9e0"
          },
          "type": "OpenApiConnection",
          "inputs": {
            "host": {
              "connectionName": "shared_sharepointonline_1",
              "operationId": "GetItems",
              "apiId": "/providers/Microsoft.PowerApps/apis/shared_sharepointonline"
            },
            "parameters": {
              "dataset": "https://aufaitcloud.sharepoint.com/sites/TTL_ERM",
              "table": "77a1c97b-0739-4cdf-8c1a-e947596e0504",
              "$filter": "ID eq '@{triggerOutputs()?['body/RiskID']}'"
            },
            "authentication": "@parameters('$authentication')"
          }
        },
        "Apply_to_each": {
          "foreach": "@outputs('Get_items')?['body/value']",
          "actions": {
            "Update_item": {
              "runAfter": {},
              "metadata": {
                "operationMetadataId": "109e445a-56e9-4022-a76d-20cdea9e427e"
              },
              "type": "OpenApiConnection",
              "inputs": {
                "host": {
                  "connectionName": "shared_sharepointonline",
                  "operationId": "PatchItem",
                  "apiId": "/providers/Microsoft.PowerApps/apis/shared_sharepointonline"
                },
                "parameters": {
                  "dataset": "https://aufaitcloud.sharepoint.com/sites/TTL_ERM",
                  "table": "77a1c97b-0739-4cdf-8c1a-e947596e0504",
                  "id": "@items('Apply_to_each')?['ID']",
                  "item/InherentLikelihood": "@triggerOutputs()?['body/InherentLikelihood']",
                  "item/InherentImpact": "@triggerOutputs()?['body/InherentImpact']",
                  "item/FinalInherentScore": "@triggerOutputs()?['body/FinalInherentScore']",
                  "item/InherentRiskRatingQualitative": "@triggerOutputs()?['body/InherentRiskRatingQualitative']",
                  "item/InherentRiskAgainst": "@triggerOutputs()?['body/InherentRiskAgainst']",
                  "item/Status": "Under Mitigation"
                },
                "authentication": "@parameters('$authentication')"
              }
            }
          },
          "runAfter": {
            "Get_items": [
              "Succeeded"
            ]
          },
          "metadata": {
            "operationMetadataId": "46f79f6a-c916-4953-a9ff-4133bc6caf1d"
          },
          "type": "Foreach"
        }
      }
    },
    "templateName": ""
  },
  "schemaVersion": "1.0.0.0"
}