<ImportExportXml version="9.2.25103.146" SolutionPackageVersion="9.2" languagecode="1033" generatedBy="CrmLive" xmlns:xsi="http://www.w3.org/2001/XMLSchema-instance" OrganizationVersion="9.2.25103.146" OrganizationSchemaType="Standard" CRMServerServiceabilityVersion="9.2.25103.00146">
  <SolutionManifest>
    <UniqueName>TTL_STG_Workflow_solutions</UniqueName>
    <LocalizedNames>
      <LocalizedName description="TTL_ERM_Workflow_Solutions" languagecode="1033" />
    </LocalizedNames>
    <Descriptions />
    <Version>1.0.0.4</Version>
    <Managed>0</Managed>
    <Publisher>
      <UniqueName>TTL_STG_Publisher</UniqueName>
      <LocalizedNames>
        <LocalizedName description="TTL_STG_Publisher" languagecode="1033" />
      </LocalizedNames>
      <Descriptions />
      <EMailAddress xsi:nil="true"></EMailAddress>
      <SupportingWebsiteUrl xsi:nil="true"></SupportingWebsiteUrl>
      <CustomizationPrefix>ttlstg</CustomizationPrefix>
      <CustomizationOptionValuePrefix>36294</CustomizationOptionValuePrefix>
      <Addresses>
        <Address>
          <AddressNumber>1</AddressNumber>
          <AddressTypeCode>1</AddressTypeCode>
          <City xsi:nil="true"></City>
          <County xsi:nil="true"></County>
          <Country xsi:nil="true"></Country>
          <Fax xsi:nil="true"></Fax>
          <FreightTermsCode xsi:nil="true"></FreightTermsCode>
          <ImportSequenceNumber xsi:nil="true"></ImportSequenceNumber>
          <Latitude xsi:nil="true"></Latitude>
          <Line1 xsi:nil="true"></Line1>
          <Line2 xsi:nil="true"></Line2>
          <Line3 xsi:nil="true"></Line3>
          <Longitude xsi:nil="true"></Longitude>
          <Name xsi:nil="true"></Name>
          <PostalCode xsi:nil="true"></PostalCode>
          <PostOfficeBox xsi:nil="true"></PostOfficeBox>
          <PrimaryContactName xsi:nil="true"></PrimaryContactName>
          <ShippingMethodCode>1</ShippingMethodCode>
          <StateOrProvince xsi:nil="true"></StateOrProvince>
          <Telephone1 xsi:nil="true"></Telephone1>
          <Telephone2 xsi:nil="true"></Telephone2>
          <Telephone3 xsi:nil="true"></Telephone3>
          <TimeZoneRuleVersionNumber xsi:nil="true"></TimeZoneRuleVersionNumber>
          <UPSZone xsi:nil="true"></UPSZone>
          <UTCOffset xsi:nil="true"></UTCOffset>
          <UTCConversionTimeZoneCode xsi:nil="true"></UTCConversionTimeZoneCode>
        </Address>
        <Address>
          <AddressNumber>2</AddressNumber>
          <AddressTypeCode>1</AddressTypeCode>
          <City xsi:nil="true"></City>
          <County xsi:nil="true"></County>
          <Country xsi:nil="true"></Country>
          <Fax xsi:nil="true"></Fax>
          <FreightTermsCode xsi:nil="true"></FreightTermsCode>
          <ImportSequenceNumber xsi:nil="true"></ImportSequenceNumber>
          <Latitude xsi:nil="true"></Latitude>
          <Line1 xsi:nil="true"></Line1>
          <Line2 xsi:nil="true"></Line2>
          <Line3 xsi:nil="true"></Line3>
          <Longitude xsi:nil="true"></Longitude>
          <Name xsi:nil="true"></Name>
          <PostalCode xsi:nil="true"></PostalCode>
          <PostOfficeBox xsi:nil="true"></PostOfficeBox>
          <PrimaryContactName xsi:nil="true"></PrimaryContactName>
          <ShippingMethodCode>1</ShippingMethodCode>
          <StateOrProvince xsi:nil="true"></StateOrProvince>
          <Telephone1 xsi:nil="true"></Telephone1>
          <Telephone2 xsi:nil="true"></Telephone2>
          <Telephone3 xsi:nil="true"></Telephone3>
          <TimeZoneRuleVersionNumber xsi:nil="true"></TimeZoneRuleVersionNumber>
          <UPSZone xsi:nil="true"></UPSZone>
          <UTCOffset xsi:nil="true"></UTCOffset>
          <UTCConversionTimeZoneCode xsi:nil="true"></UTCConversionTimeZoneCode>
        </Address>
      </Addresses>
    </Publisher>
    <RootComponents>
      <RootComponent type="29" id="{3390bd76-b324-f011-8c4d-000d3a0a89c7}" behavior="0" />
      <RootComponent type="29" id="{3490bd76-b324-f011-8c4d-000d3a0a89c7}" behavior="0" />
      <RootComponent type="29" id="{3690bd76-b324-f011-8c4d-000d3a0a89c7}" behavior="0" />
      <RootComponent type="29" id="{67e9c87c-b324-f011-8c4d-000d3a0a89c7}" behavior="0" />
      <RootComponent type="29" id="{68e9c87c-b324-f011-8c4d-000d3a0a89c7}" behavior="0" />
    </RootComponents>
    <MissingDependencies>
      <MissingDependency>
        <Required type="connectionreference" displayName="ims_sharedsharepointonline_7339a" solution="IMS_Insurance_Management_Payment_Solution (1.0.0.1)" id.connectionreferencelogicalname="ims_sharedsharepointonline_7339a" />
        <Dependent type="29" displayName="TTL - Risk Initiation WF" id="{68e9c87c-b324-f011-8c4d-000d3a0a89c7}" />
      </MissingDependency>
      <MissingDependency>
        <Required type="connectionreference" displayName="ims_sharedsharepointonline_7339a" solution="IMS_Insurance_Management_Payment_Solution (1.0.0.1)" id.connectionreferencelogicalname="ims_sharedsharepointonline_7339a" />
        <Dependent type="connectionreference" displayName="ims_sharedsharepointonline_7339a" id.connectionreferencelogicalname="ims_sharedsharepointonline_7339a" />
      </MissingDependency>
    </MissingDependencies>
  </SolutionManifest>
</ImportExportXml>